INSERT INTO housing_association (id, house_number, street_name, name) VALUES (1, 13, 'Wiśniowa', 'Cichy kącik');
INSERT INTO housing_association (id, house_number, street_name) VALUES (2, 85, 'Kamienna');
INSERT INTO housing_association (id, house_number, street_name, name) VALUES (3, 13, 'Ślężna', 'Mordownia');
INSERT INTO flat (id, flat_area, flat_number, housing_association_id) values (1,45, 2, 1);
INSERT INTO flat (id, flat_area, flat_number, housing_association_id) values (2,80, 8, 1);
INSERT INTO flat (id, flat_area, flat_number, housing_association_id) values (3,25, 11, 2);
INSERT INTO flat (id, flat_area, flat_number, housing_association_id) values (4,85, 25, 2);
INSERT INTO flat (id, flat_area, flat_number, housing_association_id) values (5,60, 3, 2);
INSERT INTO flat (id, flat_area, flat_number, housing_association_id) values (6,60, 45, 3);
INSERT INTO occupant(first_name, last_name, id, sex, flat_id) VALUES ('Adelia', 'Powlowski', 1, 'FEMALE', 1);
INSERT INTO occupant(first_name, last_name, id, sex, flat_id) VALUES ('Katarina', 'Beer', 2, 'FEMALE', 2);
INSERT INTO occupant(first_name, last_name, id, sex, flat_id) VALUES ('Eldred', 'Wisozk', 3, 'MALE', 4);
INSERT INTO occupant(first_name, last_name, id, sex, flat_id) VALUES ('Durward', 'Deckow', 4, 'MALE', 5);
INSERT INTO occupant(first_name, last_name, id, sex, flat_id) VALUES ('Dejuan', 'Feil', 5, 'MALE', 5);
INSERT INTO occupant(first_name, last_name, id, sex, flat_id) VALUES ('Destiney', 'Cronin', 6, 'FEMALE', 1);
INSERT INTO occupant(first_name, last_name, id, sex, flat_id) VALUES ('Gerardo', 'Roob', 7, 'MALE', 3);
INSERT INTO occupant(first_name, last_name, id, sex, flat_id) VALUES ('Kristopher', 'Purdy', 8, 'MALE', 4);
INSERT INTO occupant(first_name, last_name, id, sex, flat_id) VALUES ('Lon', 'Runolfsson', 9, 'MALE',6);
INSERT INTO occupant(first_name, last_name, id, sex, flat_id) VALUES ('Laron', 'Johnston', 10, 'MALE', 6);
INSERT INTO occupant(first_name, last_name, id, sex, flat_id) VALUES ('Lincoln', 'Volkman', 11, 'MALE', 5);
INSERT INTO occupant(first_name, last_name, id, sex, flat_id) VALUES ('Rosendo', 'Auer', 12, 'MALE', 4);
INSERT INTO occupant(first_name, last_name, id, sex, flat_id) VALUES ('Haleigh', 'Kuhlman', 13, 'FEMALE', 1);
INSERT INTO occupant(first_name, last_name, id, sex, flat_id) VALUES ('Adrien', 'Bechtelar', 14, 'MALE', 2);
INSERT INTO occupant(first_name, last_name, id, sex, flat_id) VALUES ('Ashley', 'Bernhard', 15, 'FEMALE', 1);